m,n,func,seed,ins_ms,coll_tbl,coll_lst,find_ms_hits,find_ms_misses,cmp_hits,cmp_misses,checksum,
1009,1000,H_MUL,137,0,1484,517,0,0,762,804,4331,
1009,10000,H_MUL,137,0,35964,49596,1,1,29816,49581,4331,
1009,100000,H_MUL,137,57,395964,4956775,105,209,2528634,4954155,4331,
10007,1000,H_MUL,137,0,124,32,0,0,515,517,42987,
10007,10000,H_MUL,137,0,14716,5004,0,0,7539,7879,42987,
10007,100000,H_MUL,137,9,359972,499934,15,21,300065,499211,42987,
100003,1000,H_MUL,137,0,0,0,0,0,500,500,429617,
100003,10000,H_MUL,137,0,1980,510,0,0,5255,5260,429617,
100003,100000,H_MUL,137,6,147432,50007,11,9,75132,79048,429617,
1009,1000,H_FOLD,137,0,1464,506,0,0,748,789,5274,
1009,10000,H_FOLD,137,0,35964,49371,0,1,29839,49505,5274,
1009,100000,H_FOLD,137,43,395964,4953954,95,194,2527109,4957140,5274,
10007,1000,H_FOLD,137,0,884,277,0,0,644,664,17382,
10007,10000,H_FOLD,137,0,31320,28123,0,0,19114,28970,17382,
10007,100000,H_FOLD,137,23,388992,2753244,47,101,1426147,2757834,17382,
100003,1000,H_FOLD,137,0,884,277,0,0,644,664,17382,
100003,10000,H_FOLD,137,0,31320,28123,0,1,19114,28970,17382,
100003,100000,H_FOLD,137,23,388992,2753244,49,90,1426147,2757834,17382,
1009,1000,H_DIV,137,0,1400,465,0,0,733,774,3761,
1009,10000,H_DIV,137,0,35964,49648,0,1,29981,49585,3761,
1009,100000,H_DIV,137,43,395964,4959481,90,189,2529371,4953851,3761,
10007,1000,H_DIV,137,0,216,54,0,0,529,527,57911,
10007,10000,H_DIV,137,0,14980,5166,0,0,7633,7951,57911,
10007,100000,H_DIV,137,8,359972,499700,16,21,300027,499682,57911,
100003,1000,H_DIV,137,0,16,4,0,0,501,502,474413,
100003,10000,H_DIV,137,0,1988,509,0,0,5263,5265,474413,
100003,100000,H_DIV,137,4,147440,50115,8,8,75204,79292,474413,
1009,1000,H_MUL,271828,0,1416,463,0,0,732,778,4555,
1009,10000,H_MUL,271828,0,35964,49408,0,0,29548,49575,4555,
1009,100000,H_MUL,271828,40,395964,4953313,85,183,2525138,4955309,4555,
10007,1000,H_MUL,271828,0,180,48,0,0,523,523,45234,
10007,10000,H_MUL,271828,0,14640,4927,0,0,7440,7886,45234,
10007,100000,H_MUL,271828,9,359976,499056,16,27,299643,499604,45234,
100003,1000,H_MUL,271828,0,8,2,0,0,501,501,452072,
100003,10000,H_MUL,271828,0,1868,479,0,0,5233,5236,452072,
100003,100000,H_MUL,271828,6,146348,49436,9,8,74645,78891,452072,
1009,1000,H_FOLD,271828,0,1412,482,0,0,744,790,5408,
1009,10000,H_FOLD,271828,0,35964,49008,1,0,29377,49542,5408,
1009,100000,H_FOLD,271828,42,395964,4952895,95,190,2526644,4955790,5408,
10007,1000,H_FOLD,271828,0,864,267,0,0,641,648,14489,
10007,10000,H_FOLD,271828,0,31164,27342,0,0,18633,28736,14489,
10007,100000,H_FOLD,271828,24,389008,2749656,53,106,1425629,2754180,14489,
100003,1000,H_FOLD,271828,0,864,267,0,0,641,648,14489,
100003,10000,H_FOLD,271828,0,31164,27342,0,0,18633,28736,14489,
100003,100000,H_FOLD,271828,25,389008,2749656,49,104,1425629,2754180,14489,
1009,1000,H_DIV,271828,0,1508,540,0,0,762,786,5822,
1009,10000,H_DIV,271828,0,35964,49828,0,1,29669,49555,5822,
1009,100000,H_DIV,271828,40,395964,4955503,101,179,2527985,4955071,5822,
10007,1000,H_DIV,271828,0,168,42,0,0,519,522,51814,
10007,10000,H_DIV,271828,0,14852,5049,0,0,7511,7970,51814,
10007,100000,H_DIV,271828,9,359988,500389,14,22,299693,499695,51814,
100003,1000,H_DIV,271828,0,12,3,0,0,501,501,514761,
100003,10000,H_DIV,271828,0,1884,482,0,0,5242,5249,514761,
100003,100000,H_DIV,271828,4,147356,49989,7,8,75003,79184,514761,
1009,1000,H_MUL,314159,0,1468,496,0,0,756,804,5722,
1009,10000,H_MUL,314159,0,35964,49532,1,0,29826,49511,5722,
1009,100000,H_MUL,314159,40,395964,4958548,353,727,2528930,4954633,5722,
10007,1000,H_MUL,314159,0,196,50,0,0,524,523,56782,
10007,10000,H_MUL,314159,0,14656,4983,0,1,7451,7929,56782,
10007,100000,H_MUL,314159,28,359972,498991,71,124,299301,499511,56782,
100003,1000,H_MUL,314159,0,20,5,0,0,502,502,567478,
100003,10000,H_MUL,314159,0,1980,507,0,0,5247,5257,567478,
100003,100000,H_MUL,314159,14,147052,49753,31,26,74862,78834,567478,
1009,1000,H_FOLD,314159,0,1548,529,0,0,754,826,4655,
1009,10000,H_FOLD,314159,2,35964,49493,2,4,29768,49733,4655,
1009,100000,H_FOLD,314159,87,395964,4956508,265,536,2525354,4955810,4655,
10007,1000,H_FOLD,314159,0,932,291,0,0,639,678,13736,
10007,10000,H_FOLD,314159,0,31168,27142,0,0,18627,28600,13736,
10007,100000,H_FOLD,314159,24,389008,2743531,50,103,1419935,2752599,13736,
100003,1000,H_FOLD,314159,0,932,291,0,0,639,678,13736,
100003,10000,H_FOLD,314159,0,31168,27142,0,1,18627,28600,13736,
100003,100000,H_FOLD,314159,25,389008,2743531,48,103,1419935,2752599,13736,
1009,1000,H_DIV,314159,0,1504,500,0,0,756,793,4297,
1009,10000,H_DIV,314159,0,35964,49638,0,1,30018,49584,4297,
1009,100000,H_DIV,314159,39,395964,4955363,93,179,2526576,4958208,4297,
10007,1000,H_DIV,314159,0,188,48,0,0,520,523,61190,
10007,10000,H_DIV,314159,0,14548,5016,0,0,7518,7854,61190,
10007,100000,H_DIV,314159,8,359972,498427,14,22,299154,499616,61190,
100003,1000,H_DIV,314159,0,24,6,0,0,501,503,613758,
100003,10000,H_DIV,314159,0,1952,510,0,0,5249,5247,613758,
100003,100000,H_DIV,314159,4,146872,49962,9,10,74924,79186,613758,
